PSA_ID,Domain,Language_Detected,Text,Source,Anchor_Text,Date_Scraped
EDU_0001,Education,en,"Basic Education PS Dr. Belio Kipsang addresses school management, grade-nine students and monitoring classrooms during first-Term opening day in various schools in Nairobi and Kiambu Counties. The PS said the Ministry is ready to fully implement the CBC programme.",https://www.education.go.ke/january-2025-school-re-opening,Skip to main content,2026-07-22
EDU_0002,Education,en,"Cabinet Secretary Julius Migos Ogamba commissions new classrooms at Uthiru Comprehensive School and Rukubi Comprehensive School in Kabete Sub-County, Kiambu County. Education CS Julius Ogamba flanked by (left to right) Dr. Esther Mworia, PS Technical and Vocational Education Training (TVET), Dr. Beatrice Inyangala, PS Higher Education and Prof. (Amb.) Julius Bitok, PS Basic Education. PS TVET DR. ESTHER MUORIA WELCOMING THE PRIME CABINET SECRETARY HON. DR MUSALIA MUDAVADI TO TVET@100 CELEBRATIONS HELD AT KABETE NATIONAL POLYTECHNIC PS Prof. Julius Bitok Commissions Classrooms at Kwa Njenga Primary CS Julius Ogamba signs Education MOU with his Denmark counterpart Christina Egelund President Dr. William Ruto, Deputy President Prof. Kithure Kindiki, Education CS Julius Ogamba visit a school February 27th 2025 PS TVET, DR. ESTHER MUORIA WELCOMING CS EDUCATION, HON. JULIUS OGAMBO TO THE WORLDSKILLS COMPETITION HELD AT KSTVET Mbauro Comprehensive School Wundanyi, Taita Taveta County Read More The Cabinet Secretary for Education Julius Migos Ogamba during the posting report of the 2,000 TVET trainers. CS Hon. Julius Ogambo and PS higher education and PS TVET lead bilateral talks with the British high commission led by Desmond Neil. The newly appointed Cabinet Secretary for Education Mr Julius Migosi Agambo meets the Principal Secretary for the State Department of Basic Education, Dr. Belio Kipsang, and his counterpart in the State Department of Technical, Vocational Education and Training, Dr. Esther Mouria in his office at Jogoo House. VC's Conference Mombasa 2024 The Ministry of Education (MOE) formulates and implements education and training policies, standards, curricula, examinations and the granting of university charters. It is also responsible for the management of universities, tertiary educational institutions and other institutions of research and higher learning and primary schools, special education, secondary schools and special education institutions. The Ministry derives its mandate from the Constitution of Kenya, the Statutes on education, and the Executive Order No. 1 of 2020 (Revised) on the Organization of the Government of the Republic of Kenya..... Read more",https://www.education.go.ke,,2026-07-22
EDU_0003,Education,en,"Background Information The Fourth Schedule of the Constitution of Kenya Articles 185(2), 186(1) and 187(2) distributes functions between the national and county governments. The National Government undertakes; education policy, standards, curriculum, examinations, granting of university charters, universities, tertiary educational institutions, institutions of research, higher learning, primary schools, special education, secondary schools, special education institutions and promotion of sports and sports education. While the County Government in relation to education are: pre-primary education, village polytechnics, home-craft centres, farmers training centres and childcare facilities. In addition, Parliament, over the years has enacted a series of Acts on various dimensions of education whose objects and goals the Ministry is expected to implement to give effect to the Constitutional provisions pertaining to education and training. Under the Executive order no. 1 of 2023 (Revised) on the Organization of the Government of the Republic of Kenya, the Ministry is headed by a Cabinet Secretary, assisted by three (3) Principal Secretaries, each heading a State Department. The three State Departments are The State Department for Basic Education; the State department for Vocational and Technical Training and; the State Department for Higher Education and Research.",https://www.education.go.ke/background-information,Background Information,2026-07-22
EDU_0004,Education,en,"A globally competitive education, training, research and innovation system for sustainable development. To provide, promote and coordinate quality education, training and research; and enhance integration of Science, Technology and Innovation into national production systems for sustainable development. In pursuit of our vision and mission, we will be guided by the following fundamental core values:",https://www.education.go.ke/vision-mission,Vision & Mission,2026-07-22
EDU_0005,Education,en,"Minister for Education, Science and Technology Minister for Basic Education 1975 Minister for Basic Education",https://www.education.go.ke/past-ministers,Past Ministers,2026-07-22
EDU_0006,Education,en,"Core Functions The core functions of the State Department are as follows: The functions of the State Department are also guided by the Universities Act 2012 Revised (2015, 2016 and 2018), the Science, Technology, and Innovation Act 2013 and the Sessional Paper No. 1 of 2019 on a Policy Framework for Reforming Education and Training for Sustainable Development in Kenya. Mandate The State Department for Higher Education & Research derives its mandate from executive order no. 1 of 2023 issued under the hand and seal of the President on the 6th day of January the year of our lord two thousand and twenty-three. Objectives The main objectives of the State Department include: Achievements and status of ongoing projects The Government has expanded access through establishment of new universities and expansion of the existing ones that has increased enrolment in universities. The number of universities, both public and private increased to seventy-eight (78) in 2022/23. The universities comprise of thirty-eight (38) Public Chartered Universities, four (4) Public University Constituent Colleges, twenty-five (25) Private Chartered Universities, eight (8) Universities operating with Letters of Interim Authority (LIA) and three (3) Private University Constituent Colleges. A summary of the type and number of Universities is the table below. UNIVERSITIES NUMBER Public Chartered Universities 38 Public Universities Constituent Colleges 4 Private Chartered Universities 25 Private Universities with Letters of Interim Authority 8 Private Universities Constituent Colleges 3 Registered - Total 78 Scholarship for University Education Administration of scholarships offered by friendly countries One thousand six hundred and ninety-three (1693) International scholarships have been granted to the Government of Kenya through the Ministry of Education since 2018. The State Department receives scholarship offers from friendly countries on an annual basis. These scholarships which are given through bilateral agreements, are aimed at building a competent workforce to meet the National development goals. These scholarships are also meant to assist bright needy students as well as build capacity in areas where the country needs specialized skills. The Ministry of Education’s Directorate of Higher Education is Mandated to process the scholarships. The type of scholarships includes those which are either fully or partially funded. Full scholarships cater for the cost of airfare, tuition and medical insurance in addition to a stipend which assists the student in paying for accommodation and meals. In Partial Scholarships, the donor country meets only part of the total expenses. Usually the donor country pays for tuition fees only. The student is required to meet the cost of airfare, accommodation, medical insurance cover and other expenses related to the course of study. The terms and conditions of scholarships received are announced to the general public through an advertisement on MyGov pull out on Tuesdays and Ministry website requesting the candidates to apply. Since 2018 the Ministry of Education has processed scholarships from fifteen (15) countries. The attached list shows the applicants and beneficiaries over the years. The number of applicants and beneficiaries’ visas summarized in the table below: YEAR No. OF APPLICANTS No. OF BENEFICIARIES 2018/2019 1396 293 2019/2020 861 278 2020/2021 816 299 2021/2022 1851 290 2022/2023 2202 325 2023/2024 1501 208 TOTAL 8627 1693 In order to effectively undertake its mandate, the State Department also comprises 38 Public Universities, 4 University Constituent Colleges and two (2) specialized degree awarding Public Universities, eight (8) Semi-Autonomous Government Agencies (SAGAs), which are charged with various responsibilities as presented in table 1. Table1: SAGAs and their Mandate In addition to the two directorates, the state department has Administration Department where all other sections fall including Central Planning Unit, Accounts, Supply Channel Services, Human Resource Management, Public Communication, Legal Services, ICT and Finance. The mandate and functions Mandate and functions OBJECTIVES 1. To develop and review Research, Science and Technology policies, strategies and related instruments including frameworks, papers and reports. 2. To promote and manage quality Science and Technology outputs through forums, repositories and National Innovation System. 3. To establish collaboration, partnerships and linkages in Science, Technology and Innovation. 4. To mobilize resources for Research, Innovation and Infrastructure development. 5. To enhance Intellectual Property Management 6. To coordinate the establishment of Science and Technology Parks and facilitate Technology transfer. ACHIEVEMENTS Vision The vision for the TVET sub-sector is to provide skilled and globally competitive employable human resource Mission To provide, promote and co-ordinate the training sector by assuring quality, inclusiveness and relevance for the enhancement of the national economy and global competitiveness. TVET Goal To provide relevant and adequate skills and competencies in strategic disciplines by 2020 for spurring industrial and economic development in line with the aspirations of the Kenyan peoples The main objective of TVET is to develop an effectively co-ordinated and harmonized TVET system that is capable of producing quality skilled human resource with the right attitudes and values required for growth and prosperity of the various sectors of the economy. Specific objectives of TVET are to: – Functions for more information visit https://www.tvet.go.ke",https://www.education.go.ke/state-departments,State Departments,2026-07-22
EDU_0007,Education,en,"Mr. Julius Migos Ogamba, is an advocate of the High Court of Kenya, who was before his appointment serving as the Chairperson of the Board of Directors of Kenya Electricity Generating Company PLC (KenGen), and Senior Partner at Migos-Ogamba and Waudo Advocate. Mr. Ogamba is a seasoned, visionary and accomplished legal practitioner of over 30 years’ experience. He is a driven advocate with a proven track record of leading teams, forging long-lasting client relationships and influencing organizational productivity by ensuring compliance with legal and regulatory requirements. Mr. Ogamba holds a Bachelor of Laws degree from the University of Nairobi, a postgraduate Diploma in Law from the Kenya School of Law, and a Diploma in Law from the Institute of Advanced Legal Studies, University of London. His professional affiliations include memberships in the Law Society of Kenya and the Institute of Certified Secretaries of Kenya. He has undertaken training on board leadership, corporate governance for directors, board mastery programme, and political leadership development programme.",https://www.education.go.ke/cabinet-secretary,Cabinet Secretary,2026-07-22
EDU_0008,Education,en,"JOHN LEKAKENY OLOLTUAA, CBS PRINCIPAL SECRETARY, STATE DEPARTMENT FOR BASIC EDUCATION. PS John Lekakeny Ololtuaa leads the State Department for Basic Education , bringing over three decades of experience across nearly every level of Kenya's education system. Born in Kilgoris, Trans Mara West Sub-County, Narok County, he holds a Bachelor of Education (Arts) and a Master's in Education Administration, both from Kenyatta University. His career began in 1993 as an assistant teacher, rising through the ranks to Principal of Ennosaen Secondary School, District Education Officer (Suba, Mbita, and Bomet), County Director of Education (Bomet and Kajiado), and Regional Director of Education overseeing the Eastern, Nairobi, Rift Valley, and Central regions. He also served with the Transition Authority as County Transition Coordinator for Narok County during Kenya's shift to devolved government. In 2022, he was appointed Principal Secretary, State Department for Tourism, in the Ministry of Tourism and Wildlife, where he drove tourism promotion, policy formulation, and industry diversification. He now brings that cross-government experience to Basic Education, steering the implementation of Competency-Based Education (CBE) as the first cohort progresses through Senior School, while prioritizing school safety, inclusive education, teacher management, and stronger collaboration with sector partners and stakeholders. PS Ololtuaa's leadership is distinguished by institutional memory built from the classroom up an insider's understanding of how national policy translates into outcomes at the school level. As accounting officer, PS Ololtuaa is responsible for the day-to-day management and coordination of the State Department for Basic Education, overseeing the following core functions: 1.Early Childhood, Primary, Secondary, and Teacher Training Education Policy Management 2.Primary and Secondary Education Institutions Management 3.School Administration and Programmes 4.Registration of Basic Education and Training Institutions 5.Management of Education Standards 6.Management of National Examinations and Certification 7.Curriculum Development 8.Quality Assurance in Education 9.Special Needs Education Management 10.Representation of Kenya in Africa UNESCO 11.Teacher Training 12.Adult Education Management Oversight of Semi-Autonomous State Agencies (SAGAs) The PS also provides oversight authority for the following State Agencies under the State Department for Basic Education: 1.Kenya National Examinations Council (KNEC) 2.Kenya Institute of Curriculum Development (KICD) 3.Kenya Institute of Special Education (KISE) 4.Kenya Literature Bureau (KLB) 5.Kenya Institute for the Blind (KIB) 6.Centre for Mathematics, Science, and Technology in Africa (CEMASTEA) 7.Kenya National Commission for UNESCO 8.Kenya Education Management Institute (KEMI) 9.School Equipment Production Unit (SEPU) 10.Jomo Kenyatta Foundation (JKF) 11.National Commission for Nomadic Education (NACONEC) Dr. Beatrice Muganda Inyangala is the Principal Secretary, the State Department for Higher Education and Research, Ministry of Education, Kenya. She is a passionate educator and leader who is committed to transforming higher education and its impact on the continent and globally. Prior to her appointment, she worked for the Partnership for African Social and Governance Research (PASGR); a pan-African not-for-profit organization for 11 years, and exited as the Deputy Executive Director. Her accomplishments through the Pedagogical Leadership in Africa (PedaL) project are internationally acclaimed. She has extensive knowledge of actors, issues, challenges and opportunities in African higher education and has trained over 3,000 teaching staff in 91 universities in 11 African countries in innovative pedagogies. She has contributed immensely to the formulation of education policy and participated in education policy debates within the region and globally: Association of African Universities; EU-Africa policy dialogues; London School of Economics Africa Summit, among others. She holds a B.Ed and M. Phil in Planning and Economics of Education, Moi University, Kenya; PhD from the University of Athens, and has received further training at the International Institute of Educational Planning in Paris, France. Dr. Esther Thaara Muoria, PhD Principal Secretary, State Department for Technical, Vocational Education and Training Dr. Esther Muoria is a seasoned manager with over 30 years’ experience in various managerial roles. Prior to joining the Ministry of Education, she served as the Registrar, Academic Affairs in Jomo Kenyatta University of Agriculture and Technology where she oversaw academic and student matters. She has also served as a Senior Probation Officer in different districts where she was responsible for liaising with other Government departments, local councils and Non–Governmental organizations in coordinating correctional services. She is committed to promoting technical, and vocational education and training through diversity and inclusion of students from all regions of Kenya as a means of boosting the much-needed technical skills required in the Country and appropriately preparing the graduates for the world of work. Dr. Muoria holds a PhD from Jomo Kenyatta University of Agriculture and Technology and has published in several journals. For more information visit TVET WEBSITE",https://www.education.go.ke/principal-secretary,Principal Secretary,2026-07-22
EDU_0009,Education,en,Standard Scholarship Application Form SCHOLARSHIPS IN TUNISIAN UNIVERSITIES FOR THE ACADEMIC YEAR 2026/2027 IRISH AID FUNDED FELLOWSHIP PROGRAMME FOR THE YEAR 2027/2028 SLOVAK SCHOLARSHIPS FOR TALENTED STUDENTS FROM ALL OVER THE WORLD - 2026/2027 COURSE ANNOUNCEMENT: THE BISHOP WILLIAMS MEMORIAL FUND SCHOLARSHIP COURSE ANNOUNCEMENT: 12TH EDITION OF THE SCIENCE BY WOMEN PROGRAM – WOMEN FOR AFRICA RE-ADVERTISEMENT: KINGDOM OF MOROCCO SCHOLARSHIP FOR THE YEAR 2026/2027 STUDY OPPORTUNITIES IN BAHRIA UNIVERSITY-PAKISTAN GOVERNMENT OF MEXICO EXCELLENCE SCHOLARSHIP KINGDOM OF MOROCCO SCHOLARSHIPS FOR THE YEAR 2026/2027 MALAYSIAN TECHNICAL COOPERATION PROGRAMME (MTCP) SCHOLARSHIPS FOR MASTERS PROGRAMMES - ACADEMIC YEAR 2026 AYUSH SCHOLARSHIP PROGRAMME INDIA,https://www.education.go.ke/scholarships-0,Scholarships,2026-07-22
EDU_0010,Education,en,"Introduction The National Education Management Information System (NEMIS) is web based data management solution which collects data and information from education institutions; processes and reports the status of designed indicators; and provides the sector a solid ground for effective management to ensure that every Learner counts. The Online Platform tracks performance mobility of learners and teaching staff to ensure efficiency and effective utilization of education resources. Objectives The Objective of NEMIS is to help streamline the data management for informed decision-making and planning of the education sector by hosting student / pupil data, linked to a Unique Identifier that is randomly generated using a verifiable algorithm. Specific objectives include: (1). Online platform for capture of education data at school level (school and learner information); (2). Platform that allows all education agencies to share data collected to ease and facilitate administrative and decision-making processes; (3). Provide an integrated Business Intelligence (BI) that provide statistics used to report national and internation indicators in education and training sub-sectors; (4). Provide flexibility of handling of resources (including infrastructure support, texbooks and facilitation of school feeding programmes) that go to education institutions; (5). Help in tracking of costing parameters in education and training; (6). With inclusion of GIS components, Online Platform will help in geographical analysis of education indicators (including production of various maps much needed in the education sector). Click Here to Access the NEMIS Application",https://www.education.go.ke/nemis,NEMIS,2026-07-22
EDU_0011,Education,en,"The TVETMIS system serves as a centralized platform for collecting, processing, and managing data, delivering accurate and reliable insights to stakeholders for evaluating the performance of TVET programs and informing decision-making in Kenya. It aims to drive TVET towards better learning outcomes by providing better, timely, and accurate data for decision-making. The objective is to help track data in a manner that offers the right information to the right set of people at the right time and in the right format to enable decision-making and planning.",https://www.tvet.go.ke/node/382,TVET MIS,2026-07-22
EDU_0012,Education,en,The Ministry verifies academic certificates for Kenyans whenever institutions require applicants’ certificates verified. It conducts certification of academic documents. The Ministry requires original certificates and supporting documents; and certified copies of both sides of the certificates by the issuing institution as a condition to provide the service.,https://www.education.go.ke/certificate-verification,Certificate Verification,2026-07-22
EDU_0013,Education,en,"TVET Tracer database is a web-based solution for tracing Kenyan TVET graduates through an online platform. The versatile database system is an application meant to capture user data. It stands as a cornerstone of opportunity, facilitating direct engagement between employers and graduates. This versatile platform holds numerous benefits that pave the way for the professional growth of our TVET graduates. Click here to access the TVET Tracer Versatile Database",https://www.tvet.go.ke/node/383,TVET TRACER,2026-07-22
EDU_0014,Education,en,"What is Dual TVET The CTVET website aims at creating awareness of the Cooperative (Dual) Training model and strengthening the engagement of the private sector and the Centers of excellence within the Promotion of Youth Employment and Vocational Training programme. You can access information on training programmes, training providers (training institutions and Company partners), Dual VET Courses, upcoming events, innovations, success stories and more! We have also included a part of how you can be involved! The website is developed under the Kenyan-German initiative “Promotion of youth employment and vocational training”, joint initiative between KFW Development Bank and the Ministry of Education. The portal is managed and operated by the AHK Services Eastern Africa Ltd, the organization tasked with Communication and Marketing for this project. Click here to access the Dual TVET Website",https://www.tvet.go.ke/node/384,DUAL TVET,2026-07-22
EDU_0015,Education,en,"The State Department for Technical Vocational Education and Training derives its mandate from Executive Order No. 2 of 2023 on ""Organization of the Government of Kenya"". The State Department promotes access, equity, and relevant and quality technical and vocational education and training. The State Department does this through the development and management of Technical Vocational Education policies, management of Technical Vocational Education Training, Institutes of Science and Technology, National Polytechnics, Vocational Educational Training Institutions (TVETs), Technical Training Institutes, and Youth Polytechnics; registration of TVET Institutions; development of policy and standards for Youth Polytechnics and Vocational Training; and management of Apprenticeships and Training of Technical and Vocational Training. Aims at creating awareness and promotion of Youth Employment and Vocational Training programme. web-based solution for tracing Kenyan TVET graduates through an online platform web-based application used to capture data, processes and reports on various indicators of the institutions. A unified and harmonized RPL system will have a transformative effect on Kenya's workforce and education system.",https://www.tvet.go.ke,TVET,2026-07-22
EDU_0016,Education,en,"Since Independence in 1963, the Government of Kenya has recognized the importance of education both as a basic right as well as a tool for achieving Social Economic development The current primary school population is estimated at 10.4 million children in both public and private primary schools. This rapid growth in primary school population is largely attributed to the introduction of Free Primary Education by the Government in 2002 and other interventions. The enrolment in our schools indicate that Kenya is on track to achieve the Education For All (EFA) and the Millennium Development Goals (MDG) Commitments by 2015. The Kenya’s constitution 2010, Article 43 states that, “the right of every child to be free from hunger and to have adequate food of acceptable quality including clean and safe water in adequate quantities and above all right to education” gives us mandate to ensure that the child access adequate and safe food . Health and nutrition have significant impact on the overall educational achievements of school-age children. Ensuring that children are well fed, healthy and able to learn is essential to the effectiveness of an education system. The ministry of education with technical support of WFP have jointly implemented the school meal programs in food insecure regions of Kenya since 1980 with the objectives to encouraging parents to enroll and keep their children in schools and to encourage pupils to learn these school meal program has been implemented on five year phases since the inception.The SMP programme encompass provision of a mid-day meal to public primary school children in Arid and Semi-Arid Sub-Counties and the informal settlements of Nairobi. By 2008 1.2 million pupils were beneficiaries of the program and this has increased the number of beneficiaries to 1.6 million in Arid and selected schools in Semi-Arid lands. The school meals have contributed immensely to address the challenges affecting access to quality education in Kenya. The homegrown school meals(HGMSP) have expanded to become one of the Kenyans key flagship projects that encourage children from food insecure households to attending school regularly. The program is therefore a major education investment that has contributed to enhanced access on primary school education. There are various school meals feeding program in school which included In-Kind and, cash transfer and community welfare among others. In school health nutrition and meal program we implement the program using In-Kind and Cash Transfer. In in kind program, this involves procuring Food commodities from central place then transported to the Sub-Counties before the Sub-County Director of Education (SCDE) distributes the food commodities to schools. This covers 10 Arid Counties. The Counties include; (Baringo (Tiaty, Marigat, Baringo North, Mogotio East and East Pokot), Garissa, Isiolo, Mandera, Marsabit, Samburu, Tana River, Turkana, Wajir, West Pokot (North Pokot). On cash transfer, the ministry prepares cash payment schedules , cash is transferred to a subsidiary bank to beneficiary’s schools account , school committee manages schools accounts ,there is a special account for schools’ meals only, termly allocation per school is based on verified enrollment at the end of the term ,number of school days in the term, transfer value’; per child per day rate and minus :bank account balances and food carried over stock from the previous term. Once the funds credited at school account, procurement of food commodities goes through competitive tender process, following the guidelines as advise by the ministry. The arid counties benefiting from the program are 10 namely , Baringo,Elgeyo Marakwet,Garissa,Isiolo,Mandera,Marsabit,Samburu,Turkana,TanaRiver,Wajir, Westpokot. Cash transfer is implemented in semi-arid and urban informal settlement scheme. Those in Semi Arid counties are in selected sub counties and includes Baringo (Baringo Central), Elgeyo Marakwet(Keiyo South,Marakwet East And West), Embu(Mbeerenorth And Mbeere South) , Kajiado(Isinya, Kajiado Central ,Kajiado West,Loitokitok And Mashuuru), Kilifi(Ganze,Kaloleni ,Malindi And Magarini), Kitui(Ikutha,Katulani,Kyuso,Lower,Yatta,Mumoni,Mutitu,Mutomo,Mwingi Central,Mwingi East, Tseikuru), Kwale(Kinango, Lungalunga And Matuga), Laikipia(Laikipia Central , Laikipia East,Laikipia North,Laikipia West And Nyahururu0,Lamu(Lamu),Machakos(AthiRiver,Kalama,Machakos,Masinga,Matungulu ,Mwala) Maukeni(Kathozweni,Kibwezi,Makindu,MbooniEast And Nzaui),Narok (Narok East, Narok North ,Narok South And Narok West) ,Nyeri (Kieni East,Kieni West And Nyeri Central), Taita Taveta(Mwatate,Taveta, Voi) And Tharaka Nithi(Maara, Tharakanorth And Tharaka South ). Nairobi has been included as an Informal Settlement scheme with households affected with poverty in Dogerreti, Kamkunji,Kangemi, Kawangware, Kibera, Korogocho, Lower Kabete, Makongeni, Mathare, Mukuru and Westlands. SUMMARY COUNTIES, SUB COUNTIES AND SCHOOLS IN CASH TRANSFER (HOMEGROWN MEAL PROGRAM) SOCIAL ASSESSMENT REPORT VULNERABLE AND MARGINALIZED GROUP PLAN FOR MUNYOYOYA IN TANA RIVER COUNTY VULNERABLE AND MARGINALIZED GROUP PLAN FOR SAKUYE IN MARSABIT COUNTY VULNERABLE AND MARGINALIZED GROUP PLAN FOR MALAKOTE IN GARISSA COUNTY VULNERABLE AND MARGINALIZED GROUP PLAN FOR ILKUNONO IN MARSABIT COUNTY VULNERABLE AND MARGINALIZED GROUP PLAN FOR ABASUBA IN HOMABAY COUNTY VULNERABLE AND MARGINALIZED GROUP PLAN FOR CHERANGANY IN WEST POKOT COUNTY VULNERABLE AND MARGINALIZED GROUP PLAN FOR OGIEK IN BUNGOMA COUNTY VULNERABLE AND MARGINALIZED GROUP PLAN FOR ELMOLO IN MARSABIT COUNTY VULNERABLE AND MARGINALIZED GROUP PLAN FOR NGIKEBOTOK IN TURKANA COUNTY VULNERABLE AND MARGINALIZED GROUP PLAN FOR SENGWER COMMUNITY IN WEST POKOT COUNTY VULNERABLE AND MARGINALIZED GROUP PLAN FOR RIBA COMMUNITY IN WAJIR COUNTY VULNERABLE AND MARGINALIZED GROUP PLAN FOR WAATHA COMMUNITY IN KILIFI COUNTY VULNERABLE AND MARGINALIZED GROUP PLAN FOR WAAYU COMMUNITY IN MARSABIT ELIMU SCHOLARSHIP APPLICATION FORM FOR 202 1 ELIMU SCHOLARSHIP PROGRAMME 202 1 ONLINE APPLICATION INSTRUCTIONS STAKEHOLDER ENGAGEMENT PLAN LIST OF ELIMU SCHOLARSHIP BENEFICIARIES F/Y 2019-2020 GRIEVANCE REDRESS MECHANISM OPERATIONAL MANUAL CONSULTANCY TO ASSESS THE CAPACITY OF JOMO KENYATTA FOUNDATION TO REGULATE, COORDINATE AND MANAGE ORGANISATIONS INVOLVED IN PROVISION OF SCHOLARSHIPS UNDER THE SECONDARY EDUCATION QUALITY IMPROVEMENT PROJECT RECRUITMENT OF MONITORING AND EVALUATION SPECIALIST CONSULTANCY SERVICES FOR A STUDY TO ESTABLISH THE PREVALENCE AND FACTORS PROPAGATING GENDER- BASED AND STUDENTS’ VIOLENCE IN SCHOOLS UNDER THE SECONDARY EDUCATION QUALITY IMPROVEMENT PROJECT TERMS OF REFERENCE FOR CONSULTANCY FOR DESIGN AND IMPLEMENTATION OF AN ADVOCACY, SOCIAL SUPPORT AND GENDER SENSITIZATION PROGRAMME FOR RETENTION OF UPPER PRIMARY PUPILS GRADE 7 & 8 UNDER THE SECONDARY EDUCATION QUALITY IMPROVEMENT PROJECT (SEQIP- P160083) TERMS OF REFERENCE FOR CONSULTANCY TO DESIGN AND SUPPORT IMPLEMENTATION OF A SCHOLARSHIP, MENTORSHIP,GENDER SENSITISATION AND SOCIAL SUPPORT PROGRAMME FOR SECONDARY SCHOOL STUDENTS UNDER THE SECONDARY EDUCATION QUALITY IMPROVEMENT PROJECT (SEQIP- P160083) TERMS OF REFERENCE (TOR) SOCIAL SAFEGUARDS TECHNICAL ASSISTANCE FOR SECONDARY EDUCATION QUALITY IMPROVEMENT PROJECT TERMS OF REFERENCE – CONSULTANCY FOR INDEPENDENT VERIFICATION OF RESULTS IN SAMPLED TARGET SCHOOLS-ALLOCATED TEACHERS, SCHOOL BASED TEACHER SUPPORT SERVICES, PROVISION OF TEXTBOOKS, AND BENEFICIARIES OF THE SCHOLARSHIP AND MENTORSHIP PROGRAM TERMS OF REFERENCE (TOR) FOR THE DESIGN AND CONSTRUCTION SUPERVISION PROJECT APPRAISSAL DOCUMENT PROJECT IMPLEMENTATION MANUAL FINANCIAL MANUAL PROJECT PROCUMENT STRATEGY FOR DEVELOPMENT MINISTRY OF EDUCATION VULNERABLE AND MARGINIZED GROUPS FRAMEWORK REPORT ENVIRONMENTAL AND SOCIAL MANAGEMENT FRAMEWORK The Girls’ Education Challenge (GEC) program seeks to help up to a million of the world’s poorest girls improve their lives through education. I Choose Life-Africa’s Jielimishe Girls’ Education Challenge (GEC) Project is targeting to improve life chances of 10,123 marginalised girls and 6,890 boys from communities in Laikipia, Meru and Mombasa Counties. The five (5) year project, funded by the UK Government through the Department for International Development (DfID) will run from April 2017 to March 2022. Building on the lessons learnt from Jielimishe GEC, the overall goal of Jielimishe GEC T is to improve the life chances of girls, 2,390 in primary school and 7,730 in secondary school using a holistic approach to complete a cycle of education, transition to the next level and demonstrate learning, as well as provide alternative pathways. Besides targeting girls as direct beneficiaries, the project also targets 6,980 boys (3,190 in upper primary and 3,790 in secondary schools). Kenya Primary Education Development Project ( PRIEDE) Component 1: Improving early grade mathematics competencies Component II: Strengthening Primary school management systems Component III: Evidence based policy development Component IV: Project management. The project is expected to run from year 2015 – 2018. The World Bank is the Supervising Entity. The project beneficiaries include: VIDEO: The School Improvement Programme (Kenya) Documentary on TPAD VIDEO: The School Improvement Programme (Kenya) Documentary on Curriculum and Instruction VIDEO: The School Improvement Programme (Kenya) Documentary on School Management and Accountability VIDEO: The School Improvement Programme (Kenya) Documentary on Financial Management VIDEO: The School Improvement Programme (Kenya) Documentary on School Environment and Pupils’ Welfare VIDEO: The School Improvement Programme (Kenya) Documentary on School Specific KCPE Analysis VIDEO: Documentary on School Improvement Programme (Kenya) VIDEO: School Improvement Project(SIP) VIDEO: Sensitization of Kisumu and Siaya Education Stakeholders VIDEO: Director of DPCAD during RCEs,CDE and CPSs during a Workshop VIDEO:How Early Grade mathematics has benefited more that 6 Million Pupils The goal of this programme is to create a culture of creativity, innovation, curiosity and productive entrepreneurship among out of school youth in Kenya. The aspirations of this programme is to apply Science, Technology and Innovation to enable the youth become innovators and job creators. Under this programme, the youth are provided with opportunities and services to help them acquire scientific, technological and innovative skills using their existing knowledge and experiences. In FY 2019/2020, the State Department for Post Training and Skills Development undertook a pilot programme, in collaboration with the Centre for Mathematics, Science and Technology Education in Africa (CEMASTEA), to create Small and Medium-Sized Enterprises (SMEs) through the application of science, technology and innovation. Under this Pilot, 80 youth from 8 Counties were trained. DRAFT STAKEHOLDER ENGAGEMENT PLAN (SEP) DRAFT ENVIRONMENTAL AND SOCIAL SYSTEM ASSESSMENT (ESSA) DRAFT ENVIRONMENTAL AND SOCIAL COMMITMENT PLAN (ESCP) KENYA PRIMARY EDUCATION EQUITY IN LEARNING PROGRAM The Ministry of Education, State Department for Basic Education is implementing the Kenya Primary Education Equity in Learning (KPEEL) Program (2022-2026). The program was declared effective on 5th August, 2022. The program is funded by the World Bank (WB), with IDA credit of USD 160 Million and a grant from the refugee window of USD 40 Million and GOK counterpart funding of Kshs 1 Billion during the four year period of the Program implementation. The main financing instrument of KPEEL Program is the Performance for Results (PforR) whereby disbursement of funds will be contingent on the achievement of specific results, as measured by the seven Disbursement Linked Indicators (DLIs). The PforR is grounded in the Government’s NESSP II (2022 to 2026). NESSP II includes four pillars that are critical for addressing inequities in access to quality basic education: (i) access and participation; (ii) equity and inclusiveness; (iii) quality and relevance; and (iv) governance and accountability. Concerning regional access and quality, NESSP II aims to address regional disparities in access, and improvement in learning outcomes across the country. NESSP II also emphasizes girls’ education and refugees’ education as cross cutting issues. Objectives of the program The Program objectives are to reduce regional disparities in learning outcomes, improve the retention of girls in upper primary education, and strengthen systems for delivering equitable education outcomes. The Results Areas (RAs) for the Program are to: (i) equalize learning opportunities: improving learning outcomes in target counties; (ii) improve girls’ participation in schooling; and (iii) strengthen capacity for implementing initiated reforms. The Program is expected to directly benefit beneficiaries as follows: a) About six million learners in primary education (school grants, girl’s education interventions, school infrastructure development and school meals), including about 221,529 children in refugee hosting counties. b) About 117,900 refugee children in camp-based primary schools. c) Approximately 20,000 diploma teacher trainees in PTTCs. d) About 200,000 primary school teachers.",https://www.education.go.ke/basic-education-programmes,Basic Education,2026-07-22
EDU_0017,Education,en,"The National Physical Science Research Laboratories (NPSRL ) is anchored under the Directorate of Research, Science and Technology with the following functions: 1. To be a center of excellence in physical sciences for quality life” with a mission to generate and transfer cutting edge knowledge in physical sciences and technology through research for socio-economic development. 2. To be NPSRL world class facility and a center of excellence that caters for national, regional and international research needs. 3. To provided one stop research facility handling both basic and applied physical sciences, providing industrial solutions and promotion of science, technology and innovation 4. Establishment of STPs is part of a strategy utilized by countries to stimulate economic growth and facilitate transition from a labor-intensive to a knowledge intensive economy 5. The United States has led the way in STPs creation and the generation of high-tech clusters - Silicon Valley in California 6. Construction works for the pioneer National S&T Park at DeKUT has been completed 7. The S&T parks are aimed at creating 100,000 new jobs 8. Establishment of STPs is part of a strategy utilized by countries to stimulate economic growth and facilitate transition from a labor-intensive to a knowledge intensive economy 9. The United States has led the way in STPs creation and the generation of high-tech clusters - Silicon Valley in California; The S&T parks are aimed at creating 100,000 new jobs The Government in collaboration with the African Union Commission continues to support the Regional Pan African University Institute of Basic Sciences, Technology and Innovation (PAUSTI) at Jomo Kenyatta University of Agriculture and Technology. The institute trains graduates from African Countries at Masters and PhD level in basic sciences and Engineering. The aim is to produce high caliber staff to help exploit Africa’s enormous resources. The first cohort of 55 masters’ students from 16 African countries was admitted in November, 2012 and graduated in November 2014. Since then the Institute has admitted another five cohorts comprising of masters and PhD students. The Institute admitted the last cohort of 118 students as from 31 st January, 2020. The students are drawn from all over Africa from over 30 African Nationalities out of the 54. Funding PAUSTI receives funding from the African Development Bank (ADB) through the Government, Ministry of Education, under the recurrent funds for universities. The financial implication to the Ministry is about Kshs. 70 million disbursed to PAUSTI every year as grants for recurrent expenditure. The institute has used the savings to contract Phase I and II of the PAUSTI block. The Pan African University Institute for Basic Sciences, technology and Innovation (PAUSTI) prides itself as a postgraduate hub of research and innovation featuring a highly diverse faculty, and students drawn from whole of Africa. PAUSTI which is hosted at Jomo Kenyatta University of Agriculture and Technology in Nairobi, Kenya, opened its doors to the pioneer students in November 2012. The inaugural cohort graduated in record time in November 2014. The Institute is mandated to produce leaders and innovators in the fields of Mathematics, Molecular Biology and Biotechnology; Civil Engineering; Mechanical Engineering; Mechatronic Engineering and Electrical Engineering. PAUSTI continues to attract highly talented and motivated students from across Africa. It encourages the students to leverage local wisdom, knowledge and resources; and generate cutting edge knowledge that could be harnessed to provide innovative and sustainable solutions to Africa’s socio-economic challenges. Programmes under PAUSTI Doctor of Philosophy (PhD) in: Master of Science (MSc) in: The ACE II project is resident in the Directorate of the University Education(DUE) and is jointly funded by the Government of Kenya and the World Bank through a credit facility. Three centers have been established in Kenya namely; Egerton University and Jaramogi Oginga Odinga University of Science and Technology which are implementing projects dealing with food security while the third center is Moi University which deals with renewable energy. The project was declared effective from 4 th February, 2017 and will close in June 2022. The three Centers, Egerton University, Jaramogi Oginga Odinga University of Science and Technology and Moi University already received funds and have commenced the project. The main objective of the project is to strengthen the Centers of Excellence by delivering quality post-graduate education and collaborative research in collaboration with industries. The three Centers have altogether enrolled 238 Masters and 104 PhD Students from Kenya and the region. The three centers in Kenya are among 24 Africa Centers of Excellence (ACE) funded up to US$6 million over the project period. The objective of the ACE II project is to strengthen selected Eastern and Southern Africa higher education institutions to deliver quality postgraduate education and build collaborative research capacity in the regional priority areas. The selected ACEs are expected to address specific development challenges facing the region through graduate training in Master’s, PhD, and short-term courses and applied research in the form of partnerships and collaborations with other institutions and the private sector. Eight participating countries Ethiopia, Kenya, Malawi, Mozambique, Rwanda, Tanzania, Uganda and Zambia committed $140 million, credit from the International Development Association (IDA) of the World Bank Group to finance the selected ACEs. The ACEs were selected through an open, objective, transparent and merit-based competitive process based on the following criteria: (a) proposal that addressed a specific challenge in one of the five priority areas in the region – industry, agriculture, health, education and applied statistics; (b) proposal of the highest quality; (c) hosting institution had evident capacity; (d) selection that provided for geographical balance; and (e) the hosting country had International Development Association (IDA) funding eligibility and availability. (a) build institutional capacity to provide quality post-graduate education with relevance to the labor market; (b) build institutional capacity to conduct high quality applied research, relevant to addressing a key development challenge/priority; (c) develop and enhance partnerships with other academic institutions (national, regional and international) to pursue academic excellence; (d) develop and enhance partnerships with industry and the private sector to generate greater impact; (e) improve governance and management of the institution and set up a role model for other higher education institutions; and (f) deliver outreach, and create an impact, to society by delivering excellent teaching and producing high quality applied research. Over the project duration of five years, collectively these ACEs are expected to enroll more than 3,500 graduate students in the regional development priority areas, out of which more than 700 will be PhD students and more than 1,000 will be female students, publish almost 1,500 journal articles, launch more than 300 research collaborations with private sector and other institutions, and generate almost US$30 million in external revenue. The Inter-University Council for East Africa (IUCEA), an institution of the East African Community, was selected by the Regional Steering Committee (RSC) of the ACE II project as the Regional Facilitation Unit (RFU). IUCEA will provide overall coordination, facilitation and administration to the project implementation under the oversight of the RSC. IUCEA, with assistance from the World Bank, coordinated the project preparation including the ACE selection process. IUCEA will provide forums for industry-academic engagement for ACEs to share knowledge on collaborative research ideas. IUCEA will also supervise a competitive scholarship program in which 30 regional students in STEM will be financed for two years to attain a Master’s degree in any of the ACEs. An IDA grant of US$8 million will finance these activities. The project will operate under the overall guidance and oversight of the Regional Steering Committee. RSC comprises of members from participating countries, the private sector and academic experts of international stature. It is envisaged that at the end of the project the centers will have developed sufficient capacity to become sustainable regional hubs for training and research in their specialized fields, capable of leading efforts to address priority development challenges and improve lives in the region. The Inter-University Council for East Africa (IUCEA) is an institution of the East African Community (EAC) responsible for coordinating the development of higher education and research, with its headquarters in Kampala, Uganda. IUCEA is the Regional Facilitation Unit for the ACEII Project.",https://www.education.go.ke/university-education-research-programmes,Higher Education & Research,2026-07-22
EDU_0018,Education,en,"The Government of Kenya (GoK) with the support from the World Bank (WB) is implementing the ‘Kenya Secondary Education Quality Improvement Project’ (SEQIP).The Project is designed to complement other projects and activities financed by the Government under the National Education Strategic Plan (NESP), the Global Partnership for Education (GPE) grant, and other programs supported by various Development Partners (DPs) in the sector. The Constitution of Kenya (2010) has the Bill of Rights at its core, while the country’s Vision 2030 acknowledges the need to reform the education and training system so that it aligns well with the aspirations of the youth, and those of the country on becoming an upper-middle income industrialized nation. The SEQIP will contribute to the twin goals of the World Bank’s global strategy: ending extreme poverty and boosting shared prosperity in a sustainable manner. In particular, the project focuses on the most educationally and economically disadvantaged areas, as well as the poorest and most vulnerable children. The SEQIP will also contribute to a priority in the World Bank’s Africa Development Strategy to accelerate the demographic transition and harness the demographic dividend. The project also responds to a key domain in the Kenya Country Partnership Strategy (2014-18) that aims at building human capital through education and training.",https://www.education.go.ke/secondary-education-quality-improvement-projectseqip,SECONDARY EDUCATION QUALITY  IMPROVEMENT PROJECT(SEQIP),2026-07-22
EDU_0019,Education,en,"The Ministry of Education is designing the Kenya Secondary Education and Equity Quality Improvement Program (SEEQIP) . Improvement of school learning conditions through construction of Laboratories in selected secondary schools is one of the proposed interventions aimed at ensuring equitable access for quality secondary education. The allocation was designed to address disparities in access to STEM facilities, promote equity, and ensure compliance with the mandatory requirement for all senior schools to offer STEM subjects. Allocation was based on needs and not on regional balancing. All counties were included in the allocation and schools that benefitted from other interventions, such as GOK Transition and Infrastructure Grants, have were omitted. After verification, some counties reported schools that had laboratories built by other agencies and provided appropriate replacements. Approved list of SEEQIP labs Download SEEQIP featured in the KEPSHA 2025 National AGM and Conference Magazine “Building Futures: How SEEQIP Will Transform Kenya’s Secondary Education Landscape.” The article highlights the transformative role of the Secondary Education Quality Improvement Project (SEEQIP) in shaping the future of secondary education across the country. Pg 28-29 KEPSHA 2025 SEEQIP PRESENTATION AT KEPSHA ANNOUNCEMENT FOR THE ELIMU SCHOLARSHIP PROGRAMME – 2026 FINAL REFUGEES JKF ELIMU Application form -2026",https://www.education.go.ke/secondary-education-equity-and-quality-improvement-programmeseeqip,Secondary Education Equity and Quality Improvement Programme(SEEQIP),2026-07-22
EDU_0020,Education,en,"The Kenya Secondary Schools Sports Association (KSSSA) , operating under the Ministry of Education, is crucial for promoting and organizing diverse sports activities in secondary schools, aiming for holistic student development and national cohesion through extensive championships. The Ministry of Education has asked all the schools not to engage in unnecessary legal tussles whenever they encounter disagreement among themselves. Speaking in Mumias sports complex stadium, Basic Education Director General Dr. Abdi Elyas termed the cases between public schools as a reckless waste of valuable public resources that could be used in other areas. ""The principal secretary has already issued a circular to that effect; let us adhere to it."" Dr. Abdi asked the school heads during the ongoing National Schools’ Games. He advised them to fully exhaust the existing internal mechanisms, which he said are elaborate and can resolve most of the cases we have. It has been reported that some schools have gone to court to seek redress against each other, especially on sports competitions. To address some of the reported challenges, the director general said the ministry will not allow overage learners to compete with the normal school-going children. ""Sports mercenaries are not allowed in our school; 'mamluki, should not be in our schools,"" Dr. Abdi said He explains that school games are age-based and can allow a maximum of up to only 19 years. ""We cannot expect a 14-year-old learner to fairly compete with a 24-year-old sport mercenary,"" he said, urging schools to adhere to age limits in school activities. He said some rogue schools have perfected a culture of allowing older participants, hence disadvantaging the deserving competitors. He said once fully deployed, the Kenya Education Management Information System (KEMIS) will have a section for young athletes who will grow up to occupy their rightful positions in regional and international fields. ""The system will create a level playing ground for all levels of our learners“, he said. He commented on many schools that have molded young learners into respected men and women. For the first time in its history, the Term 2 National Schools' Championship has been modelled on a mini-Olympics format. Click the link below to view the final results for the National Term Two Secondary School Games 2025: 👉🏾 /sites/default/files/SPORTS%20AND%20DRAMA/FINAL%20RESULTS%20FOR%20TERM%20TWO%20GAMES%202025%20-KAKAMEGA%20(AutoRecovered).pdf The current downpour being witnessed in some parts of the Country has not affected the Federation of East Africa secondary schools sports Association going on in Kakamega County.All the designated fields spread across the schools adjacent to county headquarters have continued uninterrupted for the last four days . Speaking on the sidelines, the FEASSA President thanked the Kenya government for well coordinated arrangements that had registered a successful start. /sites/default/files/WhatsApp%20Video%202025-08-18%20at%2013.07.57.mp4 The Cabinet Secretary for Education, Julius Migos Ogamba , had the honour of officially opening this year’s East African School Games on behalf of His Excellency President Dr. William Samoei Ruto at Bukhungu Stadium, Kakamega County.This annual sporting event, unique to the East African Community region, serves not only as a platform for identifying and nurturing budding talent but also as a key driver of regional integration through competition, cultural exchange, and networking among our youth.Present at the event were Senator Bonny Khalwale, Deputy Governor Ayub Savula, and the Principal Secretary for Higher Education, Dr. Beatrice Inyangala. /sites/default/files/WhatsApp%20Video%202025-08-18%20at%2013.17.06_0.mp4 Kenya has won the overall FEASSA championship with a total of 63 medals as the 22nd edition of the East Africa competition ended yesterday in Kakamega county, Kenya had a total of 21 gold, 24 silver and 18 bronze Uganda followed closely with a total of 48 medals where the country garnered 16 gold overall, 15 silver and 17 bronze. Tanzania came position three with 9 medals, followed by Rwanda with 5 medals, Burundi 2 with Ivory coact getting nothing. Kenya emerged the overall winner in secondary school sports with 42 medals delivering 13 gold, 16 silver and 13 bronze. Uganda followed at position two with a total of 39 medals where 15 were gold, 13 silver and 11 bronze. Rwanda came third with 4 points, Tanzania fourth with 3 points, Burundi fifth with 2 points while Ivory coast tailed with zero points. In the primary school category Kenya still topped with a total of 13 points where 6 were gold, 2 silver and 5 bronze. Uganda followed with a total of 3 points where 1 was gold, 2 silver and 1 bronze. In the Special Needs Education (SNE) learners Category Kenya led with a total of 8 medals which included 2 gold and 6 silver. Tanzania came second in the SNE category with 3 gold and a total of 3 points.",https://www.education.go.ke/national-term-two-games-kakamega,SPORTS,2026-07-22
EDU_0021,Education,en,"SPEECH BY THE CABINET SECRETARY MINISTRY OF EDUCATION JULIUS MIGOS OGAMBA, E.B.S DURING THE 96TH KENYA MUSIC FESTIVAL GALA PERFORMANCE AT MOI GIRLS -ELDORET ON 13TH AUGUST 2024 SPEECH BY EDUCATION CABINET SECRETARY HON. DR. EZEKIEL MACHOGU, EGH, DURING THE FLAG-OFF OF THE 2024 ELIMU SHOLARSHIPS ON 19TH JANUARY, 2024 AT THE BOMAS OF KENYA PRESS STATEMENT ON THE RELEASE OF THE 2023 KCPE EXAMINATION RESULTS BY HON EZEKIEL MACHOGU, CBS, CABINET SECRETARY, MINISTRY OF EDUCATION, ON NOVEMBER 23, 2023 AT KNEC OFFICES, IN SOUTH C, NAIROBI SPEECH BY THE CABINET SECRETARY, MINISTRY OF EDUCATION, HON. EZEKIEL MACHOGU, CBS, DURING THE CLOSING OF THE UNIVERSITY LEADERSHIP TRAINING WORKSHOP AT SAROVA WHITESANDS HOTEL, MOMBASA, 14TH 0CTOBER, 2023 OPENING REMARKS BY MINISTER FOR EDUCATION DR. J.G. KIANO, EGH, PHD, DURING THE SECOND CONFERENCE ON TEACHER EDUCATION IN 6TH MAY, 1968 SPEECH BY THE CABINET SECRETARY FOR EDUCATION HON. EZEKIEL MACHOGU, CBS, DURING THE STAKEHOLDERS’ ENGAGEMENT ON NEW GRADING SYSTEM FOR KCSE EXAMINATION AND LAUNCH OF 2023 NATIONAL EXAMINATIONS AND ASSESSMENTS SEASON AT NEW MITIHANI HOUSE, SOUTH C ON MONDAY, 25TH SEPTEMBER 2023 REMARKS BY CABINET SECRETARY, HON. EZEKIEL MACHOGU, CABINET SECRETARY FOR EDUCATION ON THE STATUS OF THE IMPLEMENTATION OF THE RECOMMENDATIONS OF THE PRESIDENTIAL WORKING PARTY ON EDUCATION REFORMS SPEECH BY HON. EZEKIEL MACHOGU, CBS, CABINET SECRETARY, MINISTRY OF EDUCATION, DURING THE RELEASE OF THE 2023/2024 UNIVERSITIES AND COLLEGES STUDENT PLACEMENT RESULTS AND LAUNCH OF APPLICATION PORTAL FOR LOANS AND SCHOLARSHIPS AT THE KENYA SCHOOL OF GOVERNMENT, KABETE, ON JULY 31, 2023 SPEECH BY THE PRINCIPAL SECRETARY, STATE DEPARTMENT FOR BASIC EDUCATION, DR BELIO KIPSANG, CBS, DURING THE CLOSING CEREMONY OF THE 4TH AFRICAN CURRICULUM ASSOCIATION CONFERENCE ON 26TH JULY, 2023 AT THE KENYA INSTITUTE OF CURRICULUM DEVELOPMENT, NAIROBI SPEECH BY THE CABINET SECRETARY OF THE MINISTRY OF EDUCATION, HONOURABLE EZEKIEL MACHOGU, CBS, DURING THE OPENING OF THE 46 TH ANNUAL NATIONAL KENYA SECONDARY SCHOOL HEADS ASSOCIATION CONFERENCE HELD ON 28 TH JUNE 2023, AT SHEIKH ZAYED HALL, MOMBASA",https://www.education.go.ke/speeches-0,Speeches,2026-07-22
EDU_0022,Education,en,"The Institute’s core function is to conduct research and develop curricula for all levels of education below the university.The Institute also develops print and electronic curriculum support materials,initiates and conducts curriculum based research organizing and conducting in-service and orientation programmes for curriculum implementers. Curriculum and research is a core department in the Institute with the following divisions offering different services: Curriculum Relevant Content Catering & Accommodation The National Educator Information Resources The Kenya Institute of Curriculum Development (KICD) is an Institute established through the KICD Act No. 4 of 2013 of the laws of Kenya. Design by Digital Vision EA © 2026 Kenya Institute of Curriculum Development. All Rights Reserved Kenya Institute of Curriculum Development Desai Rd, Off Muranga Rd, Nairobi, Kenya. Telephone Contacts 0748029186 0748029681 KICD Bookshop 0748028763 Email Address info@kicd.ac.ke",https://kicd.ac.ke/our-services/curriculum-research,Curriculum Development & Research,2026-07-22
EDU_0023,Education,en,"Educational Media is one of the Departments at KICD. Educational Media department performs the role of dissemination of Curriculum material to the Public. Educational Media is in charge of the Edu Channel and Educational Radio Programs that are aired on KBC. Please find recorded episodes and videos from EDU Channel here: EDU TV Youtube . Please find the KICD Radio Lessons Timetable shared below: View Fullscreen Skip to PDF content 🔊 Listen to this Curriculum Relevant Content Catering & Accommodation The National Educator Information Resources The Kenya Institute of Curriculum Development (KICD) is an Institute established through the KICD Act No. 4 of 2013 of the laws of Kenya. Design by Digital Vision EA © 2026 Kenya Institute of Curriculum Development. All Rights Reserved Kenya Institute of Curriculum Development Desai Rd, Off Muranga Rd, Nairobi, Kenya. Telephone Contacts 0748029186 0748029681 KICD Bookshop 0748028763 Email Address info@kicd.ac.ke",https://kicd.ac.ke/our-services/educational-media,Educational Media,2026-07-22
EDU_0024,Education,en,"For more information, please visit the KEC website . Curriculum Relevant Content Catering & Accommodation The National Educator Information Resources The Kenya Institute of Curriculum Development (KICD) is an Institute established through the KICD Act No. 4 of 2013 of the laws of Kenya. Design by Digital Vision EA © 2026 Kenya Institute of Curriculum Development. All Rights Reserved Kenya Institute of Curriculum Development Desai Rd, Off Muranga Rd, Nairobi, Kenya. Telephone Contacts 0748029186 0748029681 KICD Bookshop 0748028763 Email Address info@kicd.ac.ke",https://kicd.ac.ke/our-services/kec-ac-ke,Kenya Education Cloud,2026-07-22
EDU_0025,Education,en,"Navigation Table Example Click on an item below to navigate to the corresponding page: Curriculum Relevant Content Catering & Accommodation The National Educator Information Resources The Kenya Institute of Curriculum Development (KICD) is an Institute established through the KICD Act No. 4 of 2013 of the laws of Kenya. Design by Digital Vision EA © 2026 Kenya Institute of Curriculum Development. All Rights Reserved Kenya Institute of Curriculum Development Desai Rd, Off Muranga Rd, Nairobi, Kenya. Telephone Contacts 0748029186 0748029681 KICD Bookshop 0748028763 Email Address info@kicd.ac.ke",https://kicd.ac.ke/cbc-materials/curriculum-designs,Curriculum Designs,2026-07-22
EDU_0026,Education,en,"Curriculum Relevant Content Catering & Accommodation The National Educator Information Resources The Kenya Institute of Curriculum Development (KICD) is an Institute established through the KICD Act No. 4 of 2013 of the laws of Kenya. Design by Digital Vision EA © 2026 Kenya Institute of Curriculum Development. All Rights Reserved Kenya Institute of Curriculum Development Desai Rd, Off Muranga Rd, Nairobi, Kenya. Telephone Contacts 0748029186 0748029681 KICD Bookshop 0748028763 Email Address info@kicd.ac.ke",https://kicd.ac.ke/cbc-materials/values-based-education-materials,Values-based Education Materials,2026-07-22
EDU_0027,Education,en,"The role of the National Steering Committee will be to oversee the activities of the Technical Committee and Working Committees by Curriculum Relevant Content Catering & Accommodation The National Educator Information Resources The Kenya Institute of Curriculum Development (KICD) is an Institute established through the KICD Act No. 4 of 2013 of the laws of Kenya. Design by Digital Vision EA © 2026 Kenya Institute of Curriculum Development. All Rights Reserved Kenya Institute of Curriculum Development Desai Rd, Off Muranga Rd, Nairobi, Kenya. Telephone Contacts 0748029186 0748029681 KICD Bookshop 0748028763 Email Address info@kicd.ac.ke",https://kicd.ac.ke/curriculum-reform,Curriculum Reform,2026-07-22
EDU_0028,Education,en,"Public and Private universities in Kenya are allocated government grants based on the number of governments sponsored students and the program they are undertaking. In addition, universities have other sources of income that supplement government grants. This is in addition to other Sources of Income in public universities such as Government allocation, Recurrent Expenditure, Capital Expenditure, Tuition fees, Income generating activities and other incomes. To ensure equity, transparency and sustainability in apportioning funds, the Universities funding framework has been developed. It stipulates the condition for institutional and student eligibility for funding. For implementation purposes, the framework is presented in a funding model that uses measurable and objective parameters. The framework is applicable to accredited universities and/or recognized by CUE and students placed by KUCCPS and/or admitted in those universities.",https://www.universitiesfund.go.ke/scholarship-funding,Scholarship & Funding,2026-07-22
EDU_0029,Education,en,"The Student-Centred Funding Model (SCFM) was unveiled by President William Ruto on May 3, 2023, to address challenges facing public universities and Technical and Vocational Education and Training (TVET) institutions due to increased enrolment and inadequate funding. The funding framework phased out the Differentiated Unit Cost (DUC) system, shifting from institution-based funding to a student-focused approach, in which funding for undergraduate education is provided through Government scholarships and loans, as well as household contributions. The model delinks university placement from funding, which is determined through a Means Testing Instrument (MTI) to assess the level of financial need. The Universities Fund will offer scholarships to students ranging from 30% to 70% based on their level of need. Any remaining deficit will be covered through household contributions and loans. Students interested in receiving scholarships must formally apply through the Higher Education Financing (HEF) portal, accessible at www.hef.co.ke. The Means Testing Instrument (MTI) tool will be utilised to assess the level of need for funding students who apply for scholarships. The Student-Centred Funding Model is being implemented by various Government agencies including, the Universities Fund (UF), Higher Education Loans Board (HELB), Kenya Universities and Colleges Central Placement Service (KUCCPS) and the State Department for Technical and Vocational Education and Training. The Universities Fund provides scholarships to university students, HELB offers loans, KUCCPS places KCSE graduates to higher learning institutions, while the State Department for Technical and Vocational Education and Training provides scholarships to students placed in TVET institutions. The Universities Fund offers partial scholarships to cover tuition costs for students enrolled in public universities based on the student’s financial need. Any deficit is catered for through government loans provided by HELB and household contributions from parents or guardians. Students interested in scholarships must formally apply through the Higher Education Financing (HEF) portal accessible at www.hef.co.ke . Since the introduction of the model in 2023, more than 400,000 students have benefited from the scholarship, with the first cohort expected to graduate in 2027. The funds are disbursed directly to public universities to cover students’ tuition fees. Eligible students can apply for Government scholarships through the Higher Education Financing (HEF) Portal at www.hef.co.ke . The portal can also be accessed through the Universities Fund website. Continuing students can submit their applications using * USSD 642# through the mobile phone number registered on the HEF Portal. Before starting your application, ensure you have the following:",https://www.universitiesfund.go.ke/new-higher-education-funding-model,Student-Centred Funding Model,2026-07-22
EDU_0030,Education,en,"The Education Management Directorate is established pursuant to Sections 4( a), (b), (g); and 15 (5) of the Legal Notice No. 19 of 12th February, 2010. It is responsible for coordinating training programs and activities in the Institute . The functions of the directorate include:",https://www.kemi.ac.ke/training-department,Education Management Directorate,2026-07-22
EDU_0031,Education,en,Steps: 1. Log in to the payment portal with your e-citizen Credentials 2. Click Continuing trainee and enter your Admission No 3. Choose the Course and ensure details entered are correct 4. Enter the amount then proceed with payment Nb: When you choose Mpesa you are given two options. If option one fails scroll down and use the second option,https://www.kemi.ac.ke/payment-of-fees-ongoing-students,payment of fees (ongoing students),2026-07-22
EDU_0032,Education,en,"The Kenya Education Management Institute (KEMI) on 19th June 2026 marked a significant milestone in its history by successfully hosting its 10th Graduation Ceremony on the Institute’s grounds in Nairo The Kenya Education Management Institute successfully hosted its inaugural international conference at the Safari Park Hotel, Nairobi, bringing together delegates from over 15 countries to advance education leadership and governance. Between the 26th and the 30th of January 2026, the Kenya Education Management Institute (KEMI) kicked off a nationwide capacity-building of Boards of Management (BOM) The Kenya Education Management Institute (KEMI) has lost a distinguished professional whose career spanned teaching, institutional leadership, and strategic development in education management. Mr. Wycliffe KEMI in conjunction with the Ministry of Education, has commenced the KEMIS Training of Trainers (TOT) training workshop at Kyaka Hotel in Machakos, marking a Dr. Maurice Odondo Wins Prestigious Transformational Leadership Award 2025 On December 12, 2025, Dr. Maurice Odondo, Chief Executive Officer of the Kenya Education Management Institute",https://www.kemi.ac.ke/blog,Kenya Education Management Institute News,2026-07-22
EDU_0033,Education,en,"Promoting skills development, youth empowerment and long-term socio-economic impact and shape the education agenda beyond 2030 Education transforms lives and is at the heart of UNESCO’s mission to build peace, eradicate poverty and drive sustainable development. It is a human right for all throughout life. The Organization is the only United Nations agency with a mandate to cover all aspects of education. It has been entrusted to lead the Global Education 2030 Agenda through Sustainable Development Goal 4. UNESCO provides global and regional leadership in education, strengthens education systems worldwide and responds to contemporary global challenges through education with gender equality as an underlying principle. Its work encompasses quality educational development from pre-school to higher education and beyond. Steering technology in education on our terms Leading the transformation of learning to address the climate crisis as part of education for sustainable development Empowering and supporting teachers and educators to ensure quality education for all Implementing the UNESCO Recommendation on Education for Peace, Human Rights and Sustainable Development. Education is a fundamental human right. It empowers individuals, strengthens communities and fosters inclusive societies. At the heart of UNESCO’s mission, education is a lifelong process that equips learners with the knowledge, skills and values needed to build a better future. Here is what you need to know about education, why it matters, and UNESCO’s actions to ensure that everyone, everywhere, has access to quality learning. UNESCO is leading efforts to advance education across Africa, driven by its strong commitment to ensure inclusive, equitable quality education for all. Various initiatives aimed at improving access to education, enhancing the quality of teaching, and promoting lifelong learning opportunities are making positive impact throughout the continent. 10 July 2026, UNESCO Headquarters, Paris, France Education in the age of AI: Facts | Frictions | Frontiers. 8-11 September 2026, UNESCO Headquarters, Paris, France allocate less than 4% of their GDP to education lack basic literacy skills (UIS, 2025) must be recruited to achieve universal primary and secondary education by 2030 are out of school globally Become part of a global community for researchers, educators, policy makers, students and other professionals, who are passionate about ensuring education is a right for all. Engage with new content, share your own practices, resources and more, participate in meaningful conversation and join networking opportunities! We use cookies on this site to enhance your user experience. For more information on how we use cookies, read our privacy notice .",https://www.unesco.org/en/education,Skip to main content,2026-07-22
EDU_0034,Education,fr,"Promouvoir le développement des compétences, l’autonomisation des jeunes et un impact socio-économique à long terme à l’heure où 113 pays dépensent plus pour le service de la dette que dans l’éducation L’éducation transforme la vie et est au cœur de la mission de l’UNESCO pour construire la paix, éradiquer la pauvreté et conduire le développement durable. C'est un droit humain pour tous, tout au long de la vie. L’Organisation est la seule agence des Nations Unies dont la mission couvre tous les aspects de l’éducation. Elle a reçu le mandat de conduire l’Agenda mondial Éducation 2030 par l’intermédiaire de l’Objectif de développement durable 4. L'UNESCO agit comme chef de file mondial et régional en matière d’éducation, œuvre à renforcer les systèmes éducatifs partout dans le monde et relève les défis planétaires contemporains par l'éducation avec l'égalité des genres comme principe fondamental. Son action porte sur le développement d'une éducation de qualité du préscolaire à l'enseignement supérieur et au-delà. Utiliser la technologie dans l’éducation selon nos conditions Mener la transformation de l'apprentissage face à la crise climatique Soutenir et donner aux enseignants et éducateurs les moyens permettant de garantir une éducation de qualité pour tous Mettre en œuvre la Recommandation de l'UNESCO pour la paix, les droits de l'homme et le développement durable, L’éducation est un droit humain fondamental. Elle favorise l’autonomie, renforce les communautés et façonne des sociétés inclusives. Au cœur de la mission de l’UNESCO, l’éducation est un processus qui accompagne les apprenants tout au long de leur vie et leur transmet les connaissances, les compétences et les valeurs dont ils ont besoin pour construire un meilleur avenir. Voici ce qu'il faut savoir sur l’éducation, son importance et les actions menées par l’UNESCO pour veiller à ce que toute personne, où qu’elle vive, ait accès à une éducation de qualité. L’UNESCO est en première ligne pour faire progresser l’éducation en Afrique, portée par son engagement à garantir une éducation inclusive, de qualité et équitable pour tous. Les nombreuses initiatives menées pour améliorer l’accès à l’éducation, la qualité de l’enseignement et promouvoir l’apprentissage tout au long de la vie ont un impact positif à travers le continent. 10 juillet 2026, Siège de l'UNESCO, Paris, France L'éducation à l'ère de l'IA : Faits | Frictions | Frontières. 8-11 septembre 2026, Siège de l'UNESCO, Paris, France allouent moins de 4% de leur PIB à l'éducation ne disposent pas des compétences de base en alphabétisation (UIS, 2025) doivent être recrutés dans le primaire et le secondaire pour atteindre l'éducation pour tous en 2030 sont déscolarisés à travers le monde Rejoignez une communauté mondiale de chercheurs, d'éducateurs, de décideurs politiques, d'étudiants et d'autres professionnels travaillant à faire de l'éducation un droit pour tous. Vous y découvrirez des contenus sur l'éducation, pourrez partager vos pratiques, vos ressources, participer à des échanges enrichissants et élargir votre réseau. Nous utilisons des cookies sur ce site pour améliorer votre expérience utilisateur. Pour en savoir plus sur la manière dont nous utilisons les cookies, veuillez lire notre avis de confidentialité .",https://www.unesco.org/fr/education?facet=app&mode=light,Français,2026-07-22
EDU_0035,Education,es,"Cómo la formación técnica potencia las vidas de los jóvenes en un contexto en que 113 países gastan más en deuda que en educación La educación transforma vidas y está en el centro de la misión de la UNESCO de construir la paz, erradicar la pobreza e impulsar el desarrollo sostenible. Es un derecho humano para todos a lo largo de la vida. La Organización es el único organismo de las Naciones Unidas con un mandato que abarca todos los aspectos de la educación. Se le ha encomendado liderar la Agenda Mundial de Educación 2030 a través del Objetivo de Desarrollo Sostenible 4. La UNESCO ejerce un liderazgo mundial y regional en materia de educación, fortalece los sistemas educativos en todo el mundo y responde a los desafíos mundiales contemporáneos a través de la educación con la igualdad de género como principio subyacente. Su labor abarca el desarrollo de la educación de calidad desde la educación preescolar hasta la educación superior y más allá. Utilizar la tecnología en la educación según nuestros términos Liderando la transformación del aprendizaje para abordar la crisis climática Apoyar y capacitar a los docentes y educadores para garantizar una educación de calidad para todos Implementar la Recomendación sobre Educación para la Paz, los Derechos Humanos y el Desarrollo Sostenible Education is a fundamental human right. It empowers individuals, strengthens communities and fosters inclusive societies. At the heart of UNESCO’s mission, education is a lifelong process that equips learners with the knowledge, skills and values needed to build a better future. Here is what you need to know about education, why it matters, and UNESCO’s actions to ensure that everyone, everywhere, has access to quality learning. La UNESCO, en su firme compromiso con el continente, se sitúa a la vanguardia de la promoción del aprendizaje en África y se esfuerza por garantizar una educación de calidad inclusiva y equitativa para todos. Diversas iniciativas centradas en la mejora del acceso a la educación, la mejora de la calidad de la enseñanza, y la promoción de oportunidades de aprendizaje a lo largo de toda la vida están teniendo un impacto positivo en todo el continente. 10 de julio de 2026, Sede de la UNESCO, París, Francia 8-11 de septiembre de 2026, Sede de la UNESCO, París, Francia destinan menos del 4% de su PIB a la educación carecen de conocimientos básicos de lectura y escritura (UIS, 2025) deben ser contratados para lograr la educación primaria y secundaria universal en 2030 están sin escolarizar en todo el mundo Become part of a global community for researchers, educators, policy makers, students and other professionals, who are passionate about ensuring education is a right for all. Engage with new content, participate in meaningful conversation and join networking opportunities! We encourage you to share your own practices, resources and more. Usamos cookies en este sitio para mejorar su experiencia de usuario. Para obtener más información sobre cómo usamos las cookies, lea nuestro aviso de privacidad .",https://www.unesco.org/es/education?facet=app&mode=light,Español,2026-07-22
EDU_0036,Education,en,"يُغيّر التعليم حياة البشر، ويتبوأ مكانة مركزية في مهام اليونسكو الرامية إلى بناء حصون السلام، واجتثاث الفقر من جذوره، ودفع عجلة التنمية المستدامة، وهو حق من حقوق الإنسان للجميع من المهد إلى اللّحد. وإنّ اليونسكو هي منظمة الأمم المتحدة الوحيدة التي تشمل ولايتها جوانب التعليم كافة، إذ عُهد إليها بتوجيه دفة جدول أعمال التعليم حتى عام 2030 من خلال الهدف 4 من أهداف التنمية المستدامة. وتضطلع اليونسكو بدور قيادي في مضمار التعليم على الصعيدَين الإقليمي والعالمي، وتُعزّز النظم التعليمية في شتّى بقاع الأرض، وتتصدّى إلى التحديات العالميّة المعاصرة من على صهوة التعليم الذي تمثل المساواة بين الجنسين أحد مبادئه الأساسيّة. ويشمل عمل المنظمة تطوير التعليم بشتّى مراحله بدءاً من رياض الأطفال إلى مرحلة التعليم العالي وما بعدها. Education is a fundamental human right. It empowers individuals, strengthens communities and fosters inclusive societies. At the heart of UNESCO’s mission, education is a lifelong process that equips learners with the knowledge, skills and values needed to build a better future. Here is what you need to know about education, why it matters, and UNESCO’s actions to ensure that everyone, everywhere, has access to quality learning. As the African Union celebrates 2024 as year of education , UNESCO and the SDG4 High-Level Steering Committee want to leverage the voices of education champions, including youth, teachers, political leaders, influencers, civil society, and the private sector to continue growing the global movement for education on the African continent and beyond. UNESCO is teaming up with the internationally acclaimed Ivorian band, Magic System, to launch a new version of the band’s hit song ‘Magic in the Air’. Entitled ‘Education in the Air’, the song has been rewritten to promote the message that education is key to unlock Africa’s economic and human potential. تُخصّص أقل من 4% من إجمالي ناتجها المحلي للتعليم يفتقرون إلى أساسيّات القراءة والكتابة لتعميم التعليم الابتدائي والثانوي بحلول عام 2030 غير ملتحقين بالمدارس على مستوى العالم Become part of a global community for researchers, educators, policy makers, students and other professionals, who are passionate about ensuring education is a right for all. Engage with new content, participate in meaningful conversation and join networking opportunities! We encourage you to share your own practices, resources and more. نستخدم ملفات تعريف الارتباط (الكوكيز) على هذا الموقع لتحسين تجربة المستخدم الخاصة بك. لمزيد من المعلومات حول كيفية استخدامنا للكوكيز، يُرجى قراءة إشعار الخصوصية الخاص بنا .",https://www.unesco.org/ar/education?facet=app&mode=light,العربية,2026-07-22
EDU_0037,Education,en,"Oops, it seems we're having trouble connecting to the internet. Attempting to reconnect",https://accounts.ecitizen.go.ke/en/ministries/ministry-of-education?department=state-department-for-higher-education-and-research,Skip to main content,2026-07-22
EDU_0038,Education,en,"Address: P.o. Box 195 - 80108, Kilifi, Kenya Phone: +254 725 916 145 Email : info@pu.ac.ke",https://www.pu.ac.ke/index.php/upcoming-events/admissions/academic-downloads,Academic Downloads,2026-07-22
EDU_0039,Education,en,"Our mission is to enable all students to become self-directed and self-reflective learners, and strengthen the Capacity of the Faculty in Teaching, Research and Industry linkages, and establish the School as key players in the International Scientific Community in the relative research fields. In a climate of trust, we engage them in opportunities to improve their academic performance, develop their interpersonal skills, and achieve an understanding of their roles and responsibilities as citizens of our democratic society. We provide a nurturing environment in which students feel safe to explore new challenges while still knowing there are caring, supportive adults to join in celebrating their success and guiding them through difficult times. The School’s Departments attach major importance to research, as a key path through which the School’s foremost mission- Learning, is accomplished. Research also enables Our Science to contribute to industry and, more generally, to the Pwani (Coast) and Kenyan Society at large, in sectors such as Economy, Education and Training and Health among others. Our School also recognizes the significance of basic, as well as of applied research which is a key pillar in Industrial and Socio-economic development. SPAS is one of the Schools at Pwani University, the school is engaged in numerous collaborative projects with various institutions including Kenya Medical Research Institute (KEMRI-Wellcome Trust, Kilifi) (Bioinformatics, Immunology and Vector research), University College Dublin (UCD Ireland, on non-invasive approaches to Wildlife monitoring); University of Glasgow UK (Immunology, Genomics and gene sequencing training); University of New South Wales, Australia (GOAP Ocean Accounting, Kilifi Kenya) among others. The School offer various undergraduate degree and postgraduate degree programmes in its Departments, leading to Master's and PhD degrees, that are fully compatible with global standards, thus producing young scientists who are well trained and able to meet the current and future challenges in science. The School continues to seek for strategic collaborations in all fields of Pure and Applied Science with focus to enhancing excellency and establish Centres of Excellence in its diverse departments and programmes, and welcomes all research and development partners for new collaborations and continued dialogue.",https://spas.pu.ac.ke,School of Pure and Applied Sciences,2026-07-22
EDU_0040,Education,en,"Undergraduate Entry Requirements Minimum of Mean grade C+ (plus) in the Kenya Certificate of Secondary Education (K.C.S.E) or equivalent qualifications ---- A holder of a Bachelors degree with a minimum of Second Class Honours Upper Division or its equivalent in the relevant discipline, from a recognised institution. ---- A holder of a Masters degree from a recognized institution in an area or subject relevant to the proposed area of study Once the application form is filled return to the following address: The Admissions Office , Pwani University, P.O. Box 195 – 80108, Kilifi – Kenya. The following documents must accompany the completed application form Professional and academic Certificates/Transcripts Current letter of appointment (where applicable) Four (4) recently taken one by one inch (“1x1”) Photographs of good quality Address: P.o. Box 195 - 80108, Kilifi, Kenya Phone: +254 725 916 145 Email : info@pu.ac.ke",https://pu.ac.ke/index.php/upcoming-events/admissions/how-to-apply,How to Apply,2026-07-22
